Ypos,Zpos,Scan_min,Sel_x_min,Sel_z_min
31.0,35.0,0.47063863575288,13.5,4.5
31.25,33.75,0.4309452238773,22.5,-13.5
31.25,34.0,0.17177116731873,29.25,-11.25
31.25,34.25,0.21605686370373,31.5,-9.0
31.25,34.5,0.35140282987193,31.5,-6.75
31.25,34.75,0.56502309142264,31.5,-4.5
31.25,35.0,0.66787822464325,33.75,-2.25
31.25,35.25,0.53400623318686,33.75,0.0
31.25,35.5,0.51032398194488,33.75,2.25
31.25,35.75,0.73299830596443,33.75,4.5
31.25,36.0,0.52356025802754,31.5,9.0
31.25,36.25,0.13760887939426,27.0,11.25
31.5,33.25,0.49578476402745,27.0,-20.25
31.5,33.5,0.54088500734817,29.25,-18.0
31.5,33.75,0.50808334628994,29.25,-13.5
31.5,34.0,0.35692924958612,29.25,-11.25
31.5,34.25,0.12362036208176,29.25,-9.0
31.5,34.5,0.049444914060682,29.25,-6.75
31.5,34.75,0.056728068688668,29.25,-4.5
31.5,35.0,0.14815030514547,29.25,-2.25
31.5,35.25,0.25447127712967,29.25,0.0
31.5,35.5,0.45769984476908,29.25,2.25
31.5,35.75,0.4448233509787,31.5,4.5
31.5,36.0,0.24524314988961,31.5,6.75
31.5,36.25,0.68326390154775,31.5,9.0
31.5,36.5,0.7339544454762,31.5,13.5
31.5,36.75,0.5347914466688,31.5,15.75
31.75,32.75,0.306884724053,24.75,-22.5
31.75,33.0,0.36084740012714,27.0,-22.5
31.75,33.25,0.65864131552714,27.0,-20.25
31.75,33.5,0.29746873185226,27.0,-15.75
31.75,33.75,0.43133795176877,27.0,-13.5
31.75,34.0,0.62348672505492,24.75,-11.25
31.75,34.25,0.55780326841812,24.75,-9.0
31.75,34.5,0.33920636499617,24.75,-6.75
31.75,34.75,0.088188041158213,24.75,-4.5
31.75,35.0,0.251693214989,24.75,-2.25
31.75,35.25,0.588755598472,24.75,0.0
31.75,35.5,0.63262214366808,24.75,0.0
31.75,35.75,0.60130025309146,27.0,2.25
31.75,36.0,0.52214473171519,27.0,4.5
31.75,36.25,0.72560560912694,29.25,9.0
31.75,36.5,0.1581133675595,29.25,11.25
31.75,36.75,0.6914203782946,31.5,13.5
31.75,37.0,0.54858758252233,31.5,18.0
31.75,37.25,0.15496528925026,29.25,18.0
32.0,32.5,0.76216483094859,24.75,-27.0
32.0,32.75,0.60604094972032,24.75,-24.75
32.0,33.0,0.66534236243245,24.75,-22.5
32.0,33.25,0.39394151295998,24.75,-18.0
32.0,33.5,0.46889413220508,22.5,-13.5
32.0,33.75,0.24361410433327,22.5,-11.25
32.0,34.0,0.58095873409732,22.5,-9.0
32.0,34.25,0.47541756999665,20.25,-6.75
32.0,34.5,0.40970010872924,20.25,-4.5
32.0,34.75,0.47123387389946,20.25,-4.5
32.0,35.0,0.15409971178533,20.25,-2.25
32.0,35.25,0.6197935082735,20.25,-2.25
32.0,35.5,0.51363608688802,20.25,0.0
32.0,35.75,0.47011680042187,22.5,2.25
32.0,36.0,0.32977398635698,22.5,4.5
32.0,36.25,0.6055377559074,22.5,6.75
32.0,36.5,0.26882777834903,24.75,9.0
32.0,36.75,0.38848378636495,27.0,13.5
32.0,37.0,0.55305648770844,29.25,15.75
32.0,37.25,0.67880918193384,29.25,20.25
32.0,37.5,0.60258208694173,31.5,20.25
32.25,32.25,0.35288120134598,24.75,-27.0
32.25,32.5,0.43659739525363,24.75,-27.0
32.25,32.75,0.3846462191256,22.5,-22.5
32.25,33.0,0.76316592144953,22.5,-18.0
32.25,33.25,0.4866679771785,20.25,-15.75
32.25,33.5,0.57013926241802,18.0,-11.25
32.25,33.75,0.143902058406,18.0,-9.0
32.25,34.0,0.28420841751397,18.0,-6.75
32.25,34.25,0.62993646253547,18.0,-4.5
32.25,34.5,0.60250701977158,15.75,-4.5
32.25,34.75,0.56116167607242,15.75,-2.25
32.25,35.0,0.3375257301338,15.75,-2.25
32.25,35.25,0.76555048446378,15.75,-2.25
32.25,35.5,0.56953503642964,18.0,0.0
32.25,35.75,0.63272937256486,18.0,0.0
32.25,36.0,0.29995010250593,18.0,2.25
32.25,36.25,0.60858724484941,20.25,4.5
32.25,36.5,0.41591965475238,20.25,6.75
32.25,36.75,0.31491850830076,22.5,11.25
32.25,37.0,0.60958857245034,24.75,13.5
32.25,37.25,0.41946589216914,27.0,18.0
32.25,37.5,0.82469444081167,29.25,20.25
32.25,37.75,0.57756325738952,29.25,22.5
32.5,32.0,0.40252074165747,22.5,-29.25
32.5,32.25,0.18773774836761,22.5,-29.25
32.5,32.5,0.52184771792768,20.25,-24.75
32.5,32.75,0.47570989259045,20.25,-20.25
32.5,33.0,0.19376235094835,18.0,-15.75
32.5,33.25,0.75102191938377,15.75,-11.25
32.5,33.5,0.1182206264447,15.75,-9.0
32.5,33.75,0.422348019696,15.75,-6.75
32.5,34.0,0.59144629438487,13.5,-4.5
32.5,34.25,0.40626783761766,13.5,-4.5
32.5,34.5,0.39854038309835,13.5,-2.25
32.5,34.75,0.13408324368651,13.5,-2.25
32.5,35.0,0.37387830077521,13.5,-2.25
32.5,35.25,0.62819265485775,13.5,-2.25
32.5,35.5,0.23354212000905,13.5,0.0
32.5,35.75,0.50654778215644,13.5,0.0
32.5,36.0,0.49470734065423,15.75,2.25
32.5,36.25,0.49734479672482,15.75,4.5
32.5,36.5,0.72439469356379,18.0,6.75
32.5,36.75,0.2534514693031,18.0,9.0
32.5,37.0,0.56954100739431,20.25,13.5
32.5,37.25,0.43418178262378,22.5,15.75
32.5,37.5,0.23443378054285,24.75,20.25
32.5,37.75,0.55393125982018,27.0,22.5
32.5,38.0,0.5645791969383,27.0,22.5
32.75,31.75,0.76585904241543,22.5,-29.25
32.75,32.0,0.35074154978336,20.25,-31.5
32.75,32.25,0.67506439428117,20.25,-27.0
32.75,32.5,0.26612822050057,18.0,-22.5
32.75,32.75,0.22094749810482,15.75,-18.0
32.75,33.0,0.56342410931901,15.75,-13.5
32.75,33.25,0.50753141349409,13.5,-9.0
32.75,33.5,0.50850083745556,13.5,-6.75
32.75,33.75,0.54196531554034,11.25,-4.5
32.75,34.0,0.38553300099718,11.25,-4.5
32.75,34.25,0.36640457847602,11.25,-2.25
32.75,34.5,0.41155661824206,11.25,-2.25
32.75,34.75,0.59297992999425,11.25,-2.25
32.75,35.0,0.77073295752585,11.25,-2.25
32.75,35.25,0.7362254908551,11.25,0.0
32.75,35.5,0.43916797106391,11.25,0.0
32.75,35.75,0.11063432820138,11.25,0.0
32.75,36.0,0.61438430388841,11.25,2.25
32.75,36.25,0.56673854776556,13.5,2.25
32.75,36.5,0.180837609329,13.5,4.5
32.75,36.75,0.51825013816682,15.75,6.75
32.75,37.0,0.61629868040443,15.75,11.25
32.75,37.25,0.60856108753231,18.0,13.5
32.75,37.5,0.64114816758636,20.25,18.0
32.75,37.75,0.44388513827843,22.5,22.5
32.75,38.0,0.25924970020968,24.75,24.75
32.75,38.25,0.62582624823016,27.0,20.25
33.0,31.75,0.50492625149747,18.0,-31.5
33.0,32.0,0.57221180596588,18.0,-31.5
33.0,32.25,0.37489709222731,15.75,-24.75
33.0,32.5,0.55059798334088,13.5,-20.25
33.0,32.75,0.34123976141585,13.5,-15.75
33.0,33.0,0.47418123602436,11.25,-11.25
33.0,33.25,0.49842063435041,11.25,-9.0
33.0,33.5,0.67066595141437,11.25,-6.75
33.0,33.75,0.5278206462731,9.0,-4.5
33.0,34.0,0.29942502132588,9.0,-2.25
33.0,34.25,0.22819030941298,9.0,-2.25
33.0,34.5,0.53218595290512,9.0,-2.25
33.0,34.75,0.69887881748378,9.0,-2.25
33.0,35.0,0.78461211509279,9.0,0.0
33.0,35.25,0.66220097227907,9.0,0.0
33.0,35.5,0.4608567572693,9.0,0.0
33.0,35.75,0.11541153648361,9.0,0.0
33.0,36.0,0.47018088175057,9.0,0.0
33.0,36.25,0.57348244226127,11.25,2.25
33.0,36.5,0.43574443105375,11.25,4.5
33.0,36.75,0.68189260540585,13.5,6.75
33.0,37.0,0.21776409591917,13.5,9.0
33.0,37.25,0.34724615212313,15.75,13.5
33.0,37.5,0.45667462464818,18.0,18.0
33.0,37.75,0.42283932116188,20.25,22.5
33.0,38.0,0.56370724182221,22.5,24.75
33.0,38.25,0.79337920327092,24.75,24.75
33.25,31.5,0.7454723755891,18.0,-29.25
33.25,31.75,0.32025338254851,15.75,-31.5
33.25,32.0,0.77331518348131,13.5,-29.25
33.25,32.25,0.37292471771791,13.5,-22.5
33.25,32.5,0.23706995050364,11.25,-18.0
33.25,32.75,0.46842798911268,11.25,-13.5
33.25,33.0,0.49131169390265,9.0,-9.0
33.25,33.25,0.081434688749148,9.0,-6.75
33.25,33.5,0.31362287415593,9.0,-4.5
33.25,33.75,0.61149419293258,6.75,-2.25
33.25,34.0,0.25204065513628,6.75,-2.25
33.25,34.25,0.54859488772785,6.75,-2.25
33.25,34.5,0.5848808593144,6.75,0.0
33.25,34.75,0.5599838921113,6.75,0.0
33.25,35.0,0.59550355006919,6.75,0.0
33.25,35.25,0.54983424609183,6.75,0.0
33.25,35.5,0.43893880482168,6.75,0.0
33.25,35.75,0.21740565643455,6.75,0.0
33.25,36.0,0.30915569984202,6.75,0.0
33.25,36.25,0.74436783361299,9.0,2.25
33.25,36.5,0.4013347995849,9.0,2.25
33.25,36.75,0.70066270397291,11.25,4.5
33.25,37.0,0.5959335170229,11.25,9.0
33.25,37.25,0.48187379720435,13.5,11.25
33.25,37.5,0.51046939709708,13.5,15.75
33.25,37.75,0.46618109899989,15.75,20.25
33.25,38.0,0.51396752655786,18.0,24.75
33.25,38.25,0.24306139202894,20.25,27.0
33.25,38.5,0.59545240068435,22.5,22.5
33.5,31.5,0.57438045270347,13.5,-33.75
33.5,31.75,0.19549486953868,13.5,-31.5
33.5,32.0,0.38927934804561,11.25,-27.0
33.5,32.25,0.64223692190999,11.25,-20.25
33.5,32.5,0.21260007225248,9.0,-15.75
33.5,32.75,0.3234552082393,9.0,-11.25
33.5,33.0,0.72692146419109,9.0,-9.0
33.5,33.25,0.6679567812839,6.75,-4.5
33.5,33.5,0.53759183687339,6.75,-4.5
33.5,33.75,0.29057408857974,6.75,-2.25
33.5,34.0,0.78616210862151,6.75,-2.25
33.5,34.25,0.68091222739929,4.5,0.0
33.5,34.5,0.53905285664241,4.5,0.0
33.5,34.75,0.50366642355463,4.5,0.0
33.5,35.0,0.51101087781937,4.5,0.0
33.5,35.25,0.59621784226703,4.5,0.0
33.5,35.5,0.62286039128462,4.5,0.0
33.5,35.75,0.65442373676994,4.5,0.0
33.5,36.0,0.49262169519377,6.75,0.0
33.5,36.25,0.46625800242749,6.75,0.0
33.5,36.5,0.37683357711963,6.75,2.25
33.5,36.75,0.39997182809793,9.0,4.5
33.5,37.0,0.2298313523185,9.0,6.75
33.5,37.25,0.66798383041,11.25,11.25
33.5,37.5,0.65449658414425,11.25,13.5
33.5,37.75,0.56405340128638,13.5,18.0
33.5,38.0,0.53056633990498,15.75,24.75
33.5,38.25,0.29185060149991,18.0,27.0
33.5,38.5,0.55383934239193,20.25,27.0
33.75,31.25,0.60405889260223,13.5,-27.0
33.75,31.5,0.37023458526307,11.25,-33.75
33.75,31.75,0.69775176152293,11.25,-29.25
33.75,32.0,0.079036861912601,9.0,-24.75
33.75,32.25,0.82436908631315,6.75,-20.25
33.75,32.5,0.56692958918495,6.75,-13.5
33.75,32.75,0.56133543140689,6.75,-11.25
33.75,33.0,0.41368105818536,6.75,-6.75
33.75,33.25,0.59232295780712,4.5,-4.5
33.75,33.5,0.4888249027173,4.5,-2.25
33.75,33.75,0.48364633504729,4.5,-2.25
33.75,34.0,0.39509991288496,4.5,0.0
33.75,34.25,0.27901409075319,4.5,0.0
33.75,34.5,0.31105154942434,4.5,0.0
33.75,34.75,0.3779673511862,4.5,0.0
33.75,35.0,0.48943155048484,4.5,0.0
33.75,35.25,0.57492843058388,4.5,0.0
33.75,35.5,0.60515590870184,4.5,0.0
33.75,35.75,0.53601652751529,4.5,0.0
33.75,36.0,0.25023907707159,4.5,0.0
33.75,36.25,0.29032547942224,4.5,0.0
33.75,36.5,0.66379431172004,6.75,2.25
33.75,36.75,0.56679825470941,6.75,4.5
33.75,37.0,0.48846162415464,6.75,6.75
33.75,37.25,0.41533467206219,9.0,9.0
33.75,37.5,0.48318920910514,9.0,13.5
33.75,37.75,0.16121725711095,11.25,18.0
33.75,38.0,0.17162046993539,13.5,22.5
33.75,38.25,0.29381956386635,15.75,27.0
33.75,38.5,0.60530129414689,15.75,29.25
33.75,38.75,0.46017615181102,18.0,20.25
34.0,31.25,0.59403381376295,9.0,-29.25
34.0,31.5,0.47194521835107,9.0,-33.75
34.0,31.75,0.55666026551764,6.75,-29.25
34.0,32.0,0.51880513261492,6.75,-22.5
34.0,32.25,0.36440912728511,6.75,-18.0
34.0,32.5,0.60286494768224,6.75,-13.5
34.0,32.75,0.39280385017911,4.5,-9.0
34.0,33.0,0.33389714136464,4.5,-6.75
34.0,33.25,0.38437524300391,4.5,-4.5
34.0,33.5,0.1731974652122,4.5,-2.25
34.0,33.75,0.63316407965996,4.5,0.0
34.0,34.0,0.61577724067143,4.5,0.0
34.0,34.25,0.54751125277131,2.25,0.0
34.0,34.5,0.5223766312186,2.25,0.0
34.0,34.75,0.50846939862146,2.25,0.0
34.0,35.0,0.55686716352718,2.25,0.0
34.0,35.25,0.67263802299025,2.25,0.0
34.0,35.5,0.76394650323716,2.25,0.0
34.0,35.75,0.78871308622448,2.25,0.0
34.0,36.0,0.72630924156836,4.5,0.0
34.0,36.25,0.32375911038542,4.5,0.0
34.0,36.5,0.5985228930261,4.5,2.25
34.0,36.75,0.52175901011886,4.5,2.25
34.0,37.0,0.63861677717859,6.75,4.5
34.0,37.25,0.29398406804843,6.75,9.0
34.0,37.5,0.7650687538767,9.0,13.5
34.0,37.75,0.68526958001215,9.0,15.75
34.0,38.0,0.36874311216451,11.25,22.5
34.0,38.25,0.49592946418335,13.5,27.0
34.0,38.5,0.47687026933105,13.5,29.25
34.0,38.75,0.5681987749947,15.75,24.75
34.25,31.25,0.45563433617985,6.75,-31.5
34.25,31.5,0.60636422812292,6.75,-31.5
34.25,31.75,0.47303507046878,4.5,-27.0
34.25,32.0,0.10188527563119,4.5,-22.5
34.25,32.25,0.45351625302285,4.5,-18.0
34.25,32.5,0.56161082621008,4.5,-13.5
34.25,32.75,0.45288714508474,4.5,-9.0
34.25,33.0,0.78736496934793,4.5,-6.75
34.25,33.25,0.83388341992084,2.25,-2.25
34.25,33.5,0.65338957934269,2.25,-2.25
34.25,33.75,0.49302452060025,2.25,0.0
34.25,34.0,0.23661611999396,2.25,0.0
34.25,34.25,0.21976993541118,2.25,0.0
34.25,34.5,0.17061259052887,2.25,0.0
34.25,34.75,0.13632734543368,2.25,0.0
34.25,35.0,0.29855006127349,2.25,0.0
34.25,35.25,0.50648359466761,2.25,0.0
34.25,35.5,0.62070593996887,2.25,-2.25
34.25,35.75,0.57506992143558,2.25,-2.25
34.25,36.0,0.58981056868199,2.25,0.0
34.25,36.25,0.49979821767098,2.25,0.0
34.25,36.5,0.66036329164186,4.5,0.0
34.25,36.75,0.31476286480382,4.5,2.25
34.25,37.0,0.21888206710522,4.5,4.5
34.25,37.25,0.80758335083613,4.5,6.75
34.25,37.5,0.28061377441317,6.75,11.25
34.25,37.75,0.54319271157856,6.75,15.75
34.25,38.0,0.46638560353306,9.0,20.25
34.25,38.25,0.83799665264161,11.25,27.0
34.25,38.5,0.14231218215196,11.25,29.25
34.25,38.75,0.3478270874536,11.25,27.0
34.5,31.25,0.35312682309007,4.5,-31.5
34.5,31.5,0.62560057203747,2.25,-31.5
34.5,31.75,0.3866385986219,2.25,-27.0
34.5,32.0,0.54062554851587,2.25,-22.5
34.5,32.25,0.62418888149714,2.25,-15.75
34.5,32.5,0.58170768565578,2.25,-11.25
34.5,32.75,0.49996893371282,2.25,-9.0
34.5,33.0,0.53403991213216,2.25,-4.5
34.5,33.25,0.47147627170221,2.25,-2.25
34.5,33.5,0.53795487475429,2.25,-2.25
34.5,33.75,0.24952981432611,2.25,0.0
34.5,34.0,0.14094946263334,2.25,0.0
34.5,34.25,0.22588920366414,2.25,0.0
34.5,34.5,0.13630715017872,2.25,0.0
34.5,34.75,0.045396358182945,2.25,0.0
34.5,35.0,0.28632929742948,2.25,0.0
34.5,35.25,0.52525966045663,2.25,0.0
34.5,35.5,0.56081606688062,2.25,-2.25
34.5,35.75,0.48743394372743,2.25,-2.25
34.5,36.0,0.59116648054128,2.25,-2.25
34.5,36.25,0.42600130147436,2.25,0.0
34.5,36.5,0.49730861449943,2.25,0.0
34.5,36.75,0.5750477758439,2.25,2.25
34.5,37.0,0.35370026885864,4.5,4.5
34.5,37.25,0.34080359104877,4.5,6.75
34.5,37.5,0.43656764518881,4.5,11.25
34.5,37.75,0.28751074153947,6.75,15.75
34.5,38.0,0.37083484372806,6.75,20.25
34.5,38.25,0.62796480332516,9.0,24.75
34.5,38.5,0.2675425744184,9.0,29.25
34.5,38.75,0.48755523343356,9.0,29.25
34.75,31.25,0.65047482433367,2.25,-31.5
34.75,31.5,0.50375453165888,0.0,-31.5
34.75,31.75,0.45690803099997,0.0,-27.0
34.75,32.0,0.85908981246272,0.0,-22.5
34.75,32.25,0.56549277716334,2.25,-15.75
34.75,32.5,0.49449559641043,2.25,-11.25
34.75,32.75,0.62542700169741,2.25,-9.0
34.75,33.0,0.38430509047713,2.25,-4.5
34.75,33.25,0.37182465570687,2.25,-2.25
34.75,33.5,0.54701941936782,2.25,-2.25
34.75,33.75,0.1369191623107,2.25,0.0
34.75,34.0,0.23542954346674,2.25,0.0
34.75,34.25,0.33123561244496,2.25,0.0
34.75,34.5,0.22468057217754,2.25,0.0
34.75,34.75,0.16533791697074,2.25,0.0
34.75,35.0,0.33887582209835,2.25,0.0
34.75,35.25,0.57316758827449,2.25,0.0
34.75,35.5,0.57580787307923,2.25,-2.25
34.75,35.75,0.51605705943609,2.25,-2.25
34.75,36.0,0.56380377228304,2.25,-2.25
34.75,36.25,0.45448335085537,2.25,0.0
34.75,36.5,0.17947510855856,2.25,0.0
34.75,36.75,0.2650485453553,2.25,2.25
34.75,37.0,0.4575114230427,2.25,4.5
34.75,37.25,0.64359073722188,4.5,6.75
34.75,37.5,0.36430065028567,4.5,11.25
34.75,37.75,0.3271991275759,4.5,15.75
34.75,38.0,0.57333567881056,4.5,20.25
34.75,38.25,0.44644467111624,6.75,24.75
34.75,38.5,0.14980016991599,6.75,29.25
34.75,38.75,0.20953855058433,6.75,29.25
35.0,31.0,0.7558086040089,-2.25,-20.25
35.0,31.25,0.4189122388158,-2.25,-31.5
35.0,31.5,0.44065714321639,-2.25,-31.5
35.0,31.75,0.57809765935538,-2.25,-27.0
35.0,32.0,0.67017089830073,0.0,-20.25
35.0,32.25,0.24584825727522,0.0,-15.75
35.0,32.5,0.36577636230846,0.0,-11.25
35.0,32.75,0.72458850164614,0.0,-9.0
35.0,33.0,0.67048233218372,2.25,-4.5
35.0,33.25,0.58610955998547,2.25,-2.25
35.0,33.5,0.64789232261779,2.25,-2.25
35.0,33.75,0.29937356906975,2.25,0.0
35.0,34.0,0.36015562842794,2.25,0.0
35.0,34.25,0.42364325285573,2.25,0.0
35.0,34.5,0.31891143878871,2.25,0.0
35.0,34.75,0.27680212771512,2.25,0.0
35.0,35.0,0.41129416795132,2.25,0.0
35.0,35.25,0.62864344341258,2.25,0.0
35.0,35.5,0.61523752768039,2.25,-2.25
35.0,35.75,0.56808250376351,2.25,-2.25
35.0,36.0,0.60316496238784,2.25,-2.25
35.0,36.25,0.56381679279594,2.25,0.0
35.0,36.5,0.18736651376999,2.25,0.0
35.0,36.75,0.33334954454498,2.25,2.25
35.0,37.0,0.29415725751227,2.25,4.5
35.0,37.25,0.14014499310572,2.25,6.75
35.0,37.5,0.50991751990815,2.25,11.25
35.0,37.75,0.74028408247376,4.5,15.75
35.0,38.0,0.31929852636123,4.5,20.25
35.0,38.25,0.31392820317361,4.5,24.75
35.0,38.5,0.27264946046141,4.5,29.25
35.0,38.75,0.28178871488001,4.5,29.25
35.0,39.0,0.54230328316251,2.25,18.0
35.25,31.25,0.64613507148314,-4.5,-31.5
35.25,31.5,0.52037185933963,-4.5,-31.5
35.25,31.75,0.54645206769606,-2.25,-27.0
35.25,32.0,0.58502130895616,-2.25,-22.5
35.25,32.25,0.64906157043753,-2.25,-15.75
35.25,32.5,0.49538604767167,0.0,-11.25
35.25,32.75,0.48185023343468,0.0,-9.0
35.25,33.0,0.47505563146552,0.0,-4.5
35.25,33.25,0.55644158868994,0.0,-2.25
35.25,33.5,0.75230636671255,2.25,-2.25
35.25,33.75,0.52327787712114,2.25,0.0
35.25,34.0,0.5120812087617,2.25,0.0
35.25,34.25,0.54111240023596,2.25,0.0
35.25,34.5,0.42813776679895,2.25,0.0
35.25,34.75,0.3868002066864,2.25,0.0
35.25,35.0,0.4890475023067,2.25,0.0
35.25,35.25,0.68579865673834,2.25,0.0
35.25,35.5,0.70722137081013,2.25,-2.25
35.25,35.75,0.70409804749093,2.25,-2.25
35.25,36.0,0.73991372024038,2.25,-2.25
35.25,36.25,0.66628214946335,2.25,0.0
35.25,36.5,0.42248052802655,2.25,0.0
35.25,36.75,0.54907283943775,2.25,2.25
35.25,37.0,0.45031284075358,2.25,4.5
35.25,37.25,0.35671993965421,2.25,6.75
35.25,37.5,0.3343298807097,2.25,11.25
35.25,37.75,0.33849715140096,2.25,15.75
35.25,38.0,0.15450526113949,2.25,20.25
35.25,38.25,0.42187924174622,2.25,24.75
35.25,38.5,0.41822178388155,2.25,29.25
35.25,38.75,0.31410109814584,2.25,29.25
35.5,31.25,0.48084727506125,-6.75,-29.25
35.5,31.5,0.3828761128605,-6.75,-31.5
35.5,31.75,0.38439596846503,-4.5,-27.0
35.5,32.0,0.55650083216539,-4.5,-22.5
35.5,32.25,0.59733179872695,-2.25,-15.75
35.5,32.5,0.67223540345224,-2.25,-11.25
35.5,32.75,0.64542706369532,0.0,-9.0
35.5,33.0,0.57822145058303,0.0,-4.5
35.5,33.25,0.51323705095417,0.0,-2.25
35.5,33.5,0.54162140969639,0.0,-2.25
35.5,33.75,0.53340124362765,0.0,0.0
35.5,34.0,0.53398394007051,0.0,0.0
35.5,34.25,0.61222784229469,0.0,0.0
35.5,34.5,0.57450165035619,2.25,0.0
35.5,34.75,0.5542157521316,2.25,0.0
35.5,35.0,0.58205709111095,2.25,0.0
35.5,35.25,0.77778190591647,2.25,0.0
35.5,35.5,0.84555348003983,2.25,-2.25
35.5,35.75,0.70675153992514,0.0,-2.25
35.5,36.0,0.77208139934142,0.0,-2.25
35.5,36.25,0.64788081874703,0.0,0.0
35.5,36.5,0.58852135384566,0.0,0.0
35.5,36.75,0.43692948276515,0.0,2.25
35.5,37.0,0.48915449486321,0.0,4.5
35.5,37.25,0.4918029896788,0.0,6.75
35.5,37.5,0.53336944477371,0.0,11.25
35.5,37.75,0.55047852112622,0.0,15.75
35.5,38.0,0.61626538458793,0.0,20.25
35.5,38.25,0.70023253546773,0.0,27.0
35.5,38.5,0.62525773443318,0.0,31.5
35.5,38.75,0.68386699608655,0.0,31.5
35.75,31.25,0.63451403559342,-9.0,-29.25
35.75,31.5,0.37938768548856,-9.0,-31.5
35.75,31.75,0.39101125825484,-6.75,-27.0
35.75,32.0,0.62588211111865,-6.75,-22.5
35.75,32.25,0.4350470966635,-4.5,-18.0
35.75,32.5,0.54077533056968,-2.25,-13.5
35.75,32.75,0.070430500232063,-2.25,-9.0
35.75,33.0,0.74091424960403,-2.25,-6.75
35.75,33.25,0.66717657375968,0.0,-4.5
35.75,33.5,0.22309681624327,0.0,-2.25
35.75,33.75,0.3743508504205,0.0,0.0
35.75,34.0,0.23922208970123,0.0,0.0
35.75,34.25,0.34340992561949,0.0,0.0
35.75,34.5,0.4643716184013,0.0,0.0
35.75,34.75,0.47671815795594,0.0,0.0
35.75,35.0,0.57780827906886,0.0,0.0
35.75,35.25,0.63255029424123,0.0,0.0
35.75,35.5,0.72146034615487,0.0,0.0
35.75,35.75,0.64962794420541,0.0,-2.25
35.75,36.0,0.58075991817113,0.0,0.0
35.75,36.25,0.29673015718341,0.0,0.0
35.75,36.5,0.44460412911745,0.0,0.0
35.75,36.75,0.055637263645798,0.0,2.25
35.75,37.0,0.090155932989838,0.0,4.5
35.75,37.25,0.5369977146762,0.0,6.75
35.75,37.5,0.21181047184751,0.0,11.25
35.75,37.75,0.34659587651046,0.0,15.75
35.75,38.0,0.71067681003095,0.0,20.25
35.75,38.25,0.53752546095772,-2.25,27.0
35.75,38.5,0.35260005665038,-2.25,31.5
35.75,38.75,0.64600757133275,-4.5,29.25
36.0,31.25,0.51821851752275,-13.5,-27.0
36.0,31.5,0.25596264967514,-11.25,-31.5
36.0,31.75,0.6938992109177,-9.0,-27.0
36.0,32.0,0.65366712466498,-6.75,-22.5
36.0,32.25,0.32568643182977,-6.75,-18.0
36.0,32.5,0.022560521491014,-4.5,-13.5
36.0,32.75,0.65195104443124,-4.5,-9.0
36.0,33.0,0.17935475582885,-2.25,-6.75
36.0,33.25,0.45940696338872,-2.25,-4.5
36.0,33.5,0.46210542609805,0.0,-2.25
36.0,33.75,0.58806986300508,0.0,0.0
36.0,34.0,0.17109784249436,0.0,0.0
36.0,34.25,0.073098503299953,0.0,0.0
36.0,34.5,0.18347736294671,0.0,0.0
36.0,34.75,0.20438799131779,0.0,0.0
36.0,35.0,0.32517725502338,0.0,0.0
36.0,35.25,0.41663356780187,0.0,0.0
36.0,35.5,0.50780071632373,0.0,0.0
36.0,35.75,0.51738430524801,0.0,0.0
36.0,36.0,0.37788470981025,0.0,0.0
36.0,36.25,0.20700637205802,0.0,0.0
36.0,36.5,0.65149799635598,0.0,2.25
36.0,36.75,0.56919432039034,0.0,2.25
36.0,37.0,0.68403049890141,0.0,4.5
36.0,37.25,0.55641964935715,-2.25,9.0
36.0,37.5,0.68821173772069,-2.25,11.25
36.0,37.75,0.55837724025458,-2.25,18.0
36.0,38.0,0.26418851229239,-2.25,22.5
36.0,38.25,0.5940615315526,-4.5,27.0
36.0,38.5,0.25209622361347,-4.5,31.5
36.0,38.75,0.32814341273489,-6.75,29.25
36.25,31.25,0.7309406097032,-15.75,-22.5
36.25,31.5,0.74187071682401,-13.5,-29.25
36.25,31.75,0.7345975097926,-13.5,-29.25
36.25,32.0,0.7324857762777,-11.25,-24.75
36.25,32.25,0.47580822656405,-9.0,-18.0
36.25,32.5,0.47001958797177,-6.75,-13.5
36.25,32.75,0.60322782157285,-4.5,-11.25
36.25,33.0,0.56466981002371,-4.5,-6.75
36.25,33.25,0.22587749039563,-2.25,-4.5
36.25,33.5,0.39005290938844,-2.25,-2.25
36.25,33.75,0.72761770154103,-2.25,-2.25
36.25,34.0,0.55019868736902,0.0,0.0
36.25,34.25,0.31935773990144,0.0,0.0
36.25,34.5,0.098625883516686,0.0,0.0
36.25,34.75,0.072739611107503,0.0,0.0
36.25,35.0,0.15708481231365,0.0,0.0
36.25,35.25,0.29112116067844,0.0,0.0
36.25,35.5,0.37034816742988,0.0,0.0
36.25,35.75,0.46734074617512,0.0,0.0
36.25,36.0,0.46127172286734,0.0,0.0
36.25,36.25,0.67416126667454,-2.25,0.0
36.25,36.5,0.62855170262984,-2.25,2.25
36.25,36.75,0.57701379536228,-2.25,4.5
36.25,37.0,0.37771701121863,-2.25,6.75
36.25,37.25,0.37628399860015,-2.25,9.0
36.25,37.5,0.59700311286225,-2.25,13.5
36.25,37.75,0.09925116431048,-4.5,18.0
36.25,38.0,0.69056694085787,-4.5,22.5
36.25,38.25,0.33680381275785,-6.75,29.25
36.25,38.5,0.7314947014034,-6.75,31.5
36.25,38.75,0.46353987580928,-11.25,27.0
36.5,31.5,0.13018286850234,-18.0,-29.25
36.5,31.75,0.29855174531963,-15.75,-29.25
36.5,32.0,0.15953919495793,-13.5,-24.75
36.5,32.25,0.27508434890099,-11.25,-20.25
36.5,32.5,0.3861602281333,-9.0,-15.75
36.5,32.75,0.066990973491127,-6.75,-11.25
36.5,33.0,0.7011320774949,-4.5,-9.0
36.5,33.25,0.49664648390603,-4.5,-4.5
36.5,33.5,0.65318382843794,-2.25,-2.25
36.5,33.75,0.32189193711507,-2.25,-2.25
36.5,34.0,0.48514771026665,-2.25,0.0
36.5,34.25,0.40094503292317,-2.25,0.0
36.5,34.5,0.60849409838776,-2.25,0.0
36.5,34.75,0.59599747496535,0.0,0.0
36.5,35.0,0.54680173768533,0.0,0.0
36.5,35.25,0.62343266546895,0.0,0.0
36.5,35.5,0.60657314205565,-2.25,0.0
36.5,35.75,0.38753481060514,-2.25,0.0
36.5,36.0,0.33124718840361,-2.25,0.0
36.5,36.25,0.59496415174254,-2.25,2.25
36.5,36.5,0.18471102154793,-2.25,2.25
36.5,36.75,0.38927450899014,-2.25,4.5
36.5,37.0,0.59214798537216,-4.5,6.75
36.5,37.25,0.37786044910819,-4.5,11.25
36.5,37.5,0.69878124616064,-4.5,15.75
36.5,37.75,0.25043790116637,-6.75,20.25
36.5,38.0,0.59130982250506,-6.75,24.75
36.5,38.25,0.55425109816232,-9.0,31.5
36.5,38.5,0.37195796818886,-11.25,33.75
36.75,31.5,0.62979140574074,-22.5,-24.75
36.75,31.75,0.7204137403196,-20.25,-29.25
36.75,32.0,0.68487462383746,-15.75,-24.75
36.75,32.25,0.46284357577788,-13.5,-20.25
36.75,32.5,0.33410049262615,-11.25,-15.75
36.75,32.75,0.53618595361871,-9.0,-11.25
36.75,33.0,0.32421059468267,-6.75,-9.0
36.75,33.25,0.67479989717291,-6.75,-6.75
36.75,33.5,0.39569625689808,-4.5,-4.5
36.75,33.75,0.23078930298522,-4.5,-2.25
36.75,34.0,0.85698934892903,-4.5,0.0
36.75,34.25,0.50185616811586,-2.25,0.0
36.75,34.5,0.19229167756312,-2.25,0.0
36.75,34.75,0.15088552164851,-2.25,0.0
36.75,35.0,0.085995322807248,-2.25,0.0
36.75,35.25,0.15640357532026,-2.25,0.0
36.75,35.5,0.21824250586198,-2.25,0.0
36.75,35.75,0.50410372306349,-2.25,0.0
36.75,36.0,0.80585532071336,-2.25,0.0
36.75,36.25,0.44242236418935,-4.5,2.25
36.75,36.5,0.60784588580264,-4.5,4.5
36.75,36.75,0.60775388698777,-4.5,6.75
36.75,37.0,0.6234199349578,-4.5,9.0
36.75,37.25,0.4808668236455,-6.75,11.25
36.75,37.5,0.75582379887925,-6.75,15.75
36.75,37.75,0.41154816981024,-9.0,22.5
36.75,38.0,0.36710460242509,-11.25,27.0
36.75,38.25,0.44501771337946,-13.5,31.5
36.75,38.5,0.50494768287586,-15.75,31.5
37.0,31.75,0.4847688649392,-22.5,-27.0
37.0,32.0,0.18149404102463,-20.25,-27.0
37.0,32.25,0.24033523330815,-18.0,-22.5
37.0,32.5,0.61881043863618,-13.5,-18.0
37.0,32.75,0.55744959454891,-11.25,-13.5
37.0,33.0,0.73941549035255,-9.0,-9.0
37.0,33.25,0.30184716183114,-9.0,-6.75
37.0,33.5,0.10397670444044,-6.75,-4.5
37.0,33.75,0.36515933775095,-6.75,-2.25
37.0,34.0,0.65907343450518,-4.5,-2.25
37.0,34.25,0.38950130737755,-4.5,0.0
37.0,34.5,0.080695298548492,-4.5,0.0
37.0,34.75,0.1727030284596,-4.5,0.0
37.0,35.0,0.28795005180562,-4.5,0.0
37.0,35.25,0.31165687056942,-4.5,0.0
37.0,35.5,0.42862464321759,-4.5,0.0
37.0,35.75,0.62145749574753,-4.5,2.25
37.0,36.0,0.37360771905988,-4.5,2.25
37.0,36.25,0.72646500253572,-6.75,2.25
37.0,36.5,0.404369627323,-6.75,4.5
37.0,36.75,0.30493349250565,-6.75,6.75
37.0,37.0,0.76374599762924,-9.0,11.25
37.0,37.25,0.41714968463239,-9.0,13.5
37.0,37.5,0.58170195753183,-11.25,18.0
37.0,37.75,0.61172155280313,-13.5,24.75
37.0,38.0,0.42628943168095,-13.5,29.25
37.0,38.25,0.66730061622167,-15.75,33.75
37.25,31.75,0.60924851480279,-27.0,-22.5
37.25,32.0,0.28150769174897,-24.75,-27.0
37.25,32.25,0.69983146299591,-22.5,-24.75
37.25,32.5,0.609761656877,-18.0,-20.25
37.25,32.75,0.55295646621713,-15.75,-15.75
37.25,33.0,0.11814953362319,-13.5,-11.25
37.25,33.25,0.63167445834045,-11.25,-6.75
37.25,33.5,0.65829097896733,-9.0,-4.5
37.25,33.75,0.52328352481174,-9.0,-2.25
37.25,34.0,0.66414126437929,-9.0,-2.25
37.25,34.25,0.53184916846174,-6.75,0.0
37.25,34.5,0.05131442606553,-6.75,0.0
37.25,34.75,0.23293631147801,-6.75,0.0
37.25,35.0,0.43409419656594,-6.75,0.0
37.25,35.25,0.57960937718668,-6.75,0.0
37.25,35.5,0.45741684255694,-6.75,2.25
37.25,35.75,0.26080191101059,-6.75,2.25
37.25,36.0,0.6075211796166,-6.75,2.25
37.25,36.25,0.36670387135858,-9.0,4.5
37.25,36.5,0.23745293331236,-9.0,6.75
37.25,36.75,0.59115066385396,-11.25,9.0
37.25,37.0,0.5964844012122,-11.25,11.25
37.25,37.25,0.54487110653656,-13.5,15.75
37.25,37.5,0.66970569921255,-13.5,22.5
37.25,37.75,0.34408472277611,-15.75,27.0
37.25,38.0,0.20157385267207,-18.0,31.5
37.25,38.25,0.36655197198469,-20.25,31.5
37.5,32.0,0.26138728921024,-29.25,-24.75
37.5,32.25,0.20179824374605,-27.0,-24.75
37.5,32.5,0.6846669815605,-22.5,-20.25
37.5,32.75,0.56740505923497,-20.25,-15.75
37.5,33.0,0.517895089261,-18.0,-13.5
37.5,33.25,0.046125444996062,-15.75,-9.0
37.5,33.5,0.305256361229,-13.5,-6.75
37.5,33.75,0.67400356907277,-13.5,-4.5
37.5,34.0,0.10118717898493,-11.25,-2.25
37.5,34.25,0.72566992657047,-11.25,0.0
37.5,34.5,0.42068758435047,-9.0,0.0
37.5,34.75,0.46244319835274,-9.0,0.0
37.5,35.0,0.65436712325347,-9.0,0.0
37.5,35.25,0.45970087011332,-9.0,2.25
37.5,35.5,0.32805723007536,-9.0,2.25
37.5,35.75,0.75948313037148,-11.25,2.25
37.5,36.0,0.39365044726327,-11.25,4.5
37.5,36.25,0.48932092815353,-11.25,6.75
37.5,36.5,0.76145461116887,-13.5,9.0
37.5,36.75,0.17060828060218,-13.5,11.25
37.5,37.0,0.64738124500237,-15.75,15.75
37.5,37.25,0.70012005258911,-15.75,20.25
37.5,37.5,0.22991893471105,-18.0,24.75
37.5,37.75,0.18304127470062,-20.25,29.25
37.5,38.0,0.423105878511,-22.5,31.5
37.75,32.25,0.6209978262121,-31.5,-22.5
37.75,32.5,0.21481215640748,-29.25,-22.5
37.75,32.75,0.66898570320695,-27.0,-18.0
37.75,33.0,0.6071189426487,-22.5,-13.5
37.75,33.25,0.32865568498797,-20.25,-11.25
37.75,33.5,0.4754103854609,-18.0,-6.75
37.75,33.75,0.6079891040936,-18.0,-4.5
37.75,34.0,0.47102407355812,-15.75,-2.25
37.75,34.25,0.7240069572697,-13.5,-2.25
37.75,34.5,0.14702257871517,-13.5,0.0
37.75,34.75,0.41354393977142,-13.5,0.0
37.75,35.0,0.43840076082216,-13.5,2.25
37.75,35.25,0.1061127211647,-13.5,2.25
37.75,35.5,0.5324442436228,-13.5,2.25
37.75,35.75,0.31910035660222,-13.5,4.5
37.75,36.0,0.76980410823021,-13.5,6.75
37.75,36.25,0.59021432330754,-15.75,6.75
37.75,36.5,0.72282273865511,-15.75,11.25
37.75,36.75,0.16530058517298,-18.0,13.5
37.75,37.0,0.37214307920527,-20.25,18.0
37.75,37.25,0.51857007057283,-22.5,22.5
37.75,37.5,0.4593249856872,-22.5,27.0
37.75,37.75,0.67816267624063,-24.75,29.25
38.0,32.5,0.33246537195523,-33.75,-22.5
38.0,32.75,0.19109625423566,-31.5,-20.25
38.0,33.0,0.62477869115474,-29.25,-15.75
38.0,33.25,0.53933361938148,-27.0,-13.5
38.0,33.5,0.5542418206869,-24.75,-9.0
38.0,33.75,0.31475092482492,-22.5,-6.75
38.0,34.0,0.33740826235913,-20.25,-4.5
38.0,34.25,0.4189143153116,-20.25,-2.25
38.0,34.5,0.39226252358688,-18.0,0.0
38.0,34.75,0.51357847072712,-18.0,0.0
38.0,35.0,0.13992466221584,-18.0,2.25
38.0,35.25,0.46852873229774,-18.0,2.25
38.0,35.5,0.13375697862702,-18.0,4.5
38.0,35.75,0.73029127640266,-18.0,6.75
38.0,36.0,0.70390621763477,-20.25,6.75
38.0,36.25,0.63139958028317,-20.25,9.0
38.0,36.5,0.5436243911241,-22.5,13.5
38.0,36.75,0.7058639476115,-22.5,15.75
38.0,37.0,0.36153048917958,-24.75,20.25
38.0,37.25,0.22541543478195,-27.0,24.75
38.0,37.5,0.72408023538876,-29.25,29.25
38.25,32.75,0.60137485140775,-38.25,-20.25
38.25,33.0,0.25311936466247,-36.0,-18.0
38.25,33.25,0.61350714253317,-33.75,-15.75
38.25,33.5,0.46376175803272,-31.5,-11.25
38.25,33.75,0.57544906125515,-29.25,-9.0
38.25,34.0,0.40049471540628,-27.0,-4.5
38.25,34.25,0.64375178897558,-27.0,-2.25
38.25,34.5,0.47611090253593,-24.75,0.0
38.25,34.75,0.50685762339487,-24.75,0.0
38.25,35.0,0.33276895614875,-24.75,2.25
38.25,35.25,0.39981132437722,-24.75,4.5
38.25,35.5,0.62810427305162,-24.75,4.5
38.25,35.75,0.4136402575825,-24.75,6.75
38.25,36.0,0.62605342521486,-24.75,9.0
38.25,36.25,0.60733515362171,-27.0,13.5
38.25,36.5,0.51510768863061,-27.0,15.75
38.25,36.75,0.62924334370333,-29.25,20.25
38.25,37.0,0.34530163481533,-31.5,22.5
38.25,37.25,0.26661551116548,-31.5,24.75
38.5,33.25,0.54607696219378,-40.5,-15.75
38.5,33.5,0.36361307668499,-38.25,-13.5
38.5,33.75,0.5821391369199,-36.0,-9.0
38.5,34.0,0.22329138222494,-33.75,-6.75
38.5,34.25,0.34899544819157,-33.75,-4.5
38.5,34.5,0.41368111161878,-31.5,-2.25
38.5,34.75,0.30547411636999,-31.5,0.0
38.5,35.0,0.24029745444413,-31.5,2.25
38.5,35.25,0.11020415146324,-31.5,4.5
38.5,35.5,0.13469773076266,-31.5,6.75
38.5,35.75,0.25681077218659,-31.5,9.0
38.5,36.0,0.39142668060742,-31.5,11.25
38.5,36.25,0.4778336807139,-33.75,13.5
38.5,36.5,0.56234452843202,-33.75,18.0
38.5,36.75,0.4553062492368,-36.0,20.25
38.75,33.75,0.62642067735478,-42.75,-11.25
38.75,34.0,0.65712200218519,-42.75,-9.0
38.75,34.25,0.63733636905494,-40.5,-4.5
38.75,34.5,0.35890814820095,-40.5,-2.25
38.75,34.75,0.40749620198685,-40.5,0.0
38.75,35.0,0.59179642335263,-40.5,2.25
38.75,35.25,0.60973963439848,-40.5,4.5
38.75,35.5,0.53399939216208,-38.25,6.75
38.75,35.75,0.43839545938223,-40.5,9.0
38.75,36.0,0.39915448999789,-40.5,11.25
38.75,36.25,0.63116502624811,-40.5,13.5
39.0,35.0,0.65974986511483,-45.0,2.25
